original_smiles,conical_smiles,O00141,O00311,O00444,O14920,O14965,O15111,O15146,O15264,O43293,O43318,O43353,O43781,O60285,O60674,O75116,O75385,O75460,O75676,O75716,O94804,O94806,O95819,O96013,O96017,P00519,P00533,P04049,P04626,P04629,P05129,P05771,P06213,P06239,P06241,P06493,P07332,P07333,P07947,P07948,P07949,P08069,P08581,P08631,P08922,P09619,P09769,P10721,P11309,P11362,P11802,P12931,P15735,P16234,P16591,P17252,P17612,P17948,P19784,P22607,P23443,P24941,P27448,P28482,P29317,P29376,P29597,P30291,P30530,P31749,P31751,P33981,P34947,P35916,P35968,P36507,P36888,P36897,P37023,P37173,P41240,P41279,P41743,P42680,P42681,P42684,P42685,P43405,P45983,P45984,P48729,P48730,P49336,P49674,P49759,P49760,P49840,P49841,P50613,P51451,P51617,P51813,P51817,P51955,P51957,P52333,P53350,P53667,P53779,P54760,P78527,P80192,Q00526,Q00534,Q00535,Q02156,Q02750,Q02763,Q04759,Q04771,Q05397,Q05513,Q05655,Q06418,Q07912,Q08881,Q12851,Q12866,Q13043,Q13131,Q13153,Q13188,Q13237,Q13315,Q13418,Q13464,Q13535,Q13555,Q13557,Q13627,Q13882,Q13976,Q14164,Q14289,Q14680,Q15118,Q15119,Q15139,Q15303,Q15349,Q15418,Q15746,Q15759,Q16288,Q16512,Q16513,Q16539,Q16584,Q16620,Q16816,Q16832,Q59H18,Q5S007,Q5VT25,Q7KZI7,Q7L7X3,Q86V86,Q8IW41,Q8N4C8,Q8N5S9,Q8NE63,Q8TDC3,Q8TF76,Q92630,Q96GD4,Q96KB5,Q96L34,Q96PF2,Q96RR4,Q96SB4,Q9BXA7,Q9BYT3,Q9BZL6,Q9H093,Q9H1R3,Q9H2G2,Q9H2X6,Q9H4B4,Q9HAZ1,Q9NWZ3,Q9NYL2,Q9NYY3,Q9P1W9,Q9UBE8,Q9UEE5,Q9UF33,Q9UHD2,Q9UK32,Q9UM73,Q9UQB9,Q9Y243,Q9Y2U5,Q9Y463,Q9Y4K4,Q9Y6E0
COc1cc2ncnc(Oc3cccc(NC(=O)Nc4cc(C(C)(C)C(F)(F)F)on4)c3)c2cc1OC,COc1cc2ncnc(Oc3cccc(NC(=O)Nc4cc(C(C)(C)C(F)(F)F)on4)c3)c2cc1OC,0.0392,0.0046,0.645,0.016,0.4758,0.0671,0.3468,0.5939,0.1969,0.7344,0.4539,0.2511,0.1991,0.1166,0.3633,0.1196,0.2301,0.52,0.4801,0.9531,0.0259,0.1631,0.2025,0.2653,0.9841,0.0684,0.8932,0.0162,0.8956,0.0579,0.0288,0.0479,0.8577,0.7991,0.0611,0.3979,0.9482,0.8499,0.9846,0.9903,0.0169,0.2532,0.7981,0.4046,0.9857,0.787,0.9847,0.0593,0.9349,0.0268,0.7289,0.0676,0.9874,0.8072,0.0746,0.0789,0.9539,0.19699999999999998,0.7001,0.7819,0.0533,0.2836,0.043,0.8534,0.33299999999999996,0.0848,0.1739,0.7237,0.0763,0.0175,0.1033,0.1315,0.9874,0.9528,0.2282,0.9594,0.0776,0.4392,0.7242,0.4387,0.0659,0.0058,0.3177,0.4689,0.7796,0.9815,0.3182,0.0094,0.1051,0.0835,0.0776,0.5549,0.2557,0.5861,0.1536,0.4644,0.4075,0.1277,0.887,0.235,0.485,0.1271,0.4255,0.5587,0.0139,0.0206,0.4776,0.046,0.7283,0.5615,0.3671,0.1784,0.0658,0.0123,0.015,0.038,0.9636,0.0218,0.1101,0.3427,0.0378,0.0032,0.2319,0.2722,0.24100000000000002,0.4102,0.6479,0.1218,0.1137,0.0507,0.4369,0.0366,0.2146,0.0603,0.1968,0.0638,0.0629,0.0219,0.0777,0.6405,0.0537,0.1127,0.4243,0.5592,0.2779,0.6644,0.0666,0.0419,0.043,0.3031,0.1114,0.8793,0.9659,0.0748,0.0286,0.6288,0.34700000000000003,0.9672,0.1898,0.985,0.8159,0.2648,0.415,0.5375,0.3295,0.0305,0.0923,0.3367,0.5051,0.892,0.064,0.5979,0.14800000000000002,0.5597,0.0523,0.33899999999999997,0.2626,0.2243,0.2304,0.095,0.2543,0.0486,0.3203,0.5319,0.8455,0.5504,0.1789,0.2634,0.0655,0.8879,0.0226,0.0268,0.6886,0.0861,0.9698,0.0692,0.0719,0.1185,0.8626,0.0471,0.0638,0.0263,0.8275,0.1409
Cc1cc(C(=O)Nc2nc3cccc(Cl)c3n2[C@@H]2CCCCN(C(=O)/C=C/CN(C)C)C2)ccn1,Cc1cc(C(=O)Nc2nc3cccc(Cl)c3n2[C@@H]2CCCCN(C(=O)/C=C/CN(C)C)C2)ccn1,0.0533,0.0925,0.2237,0.7899,0.2599,0.2105,0.8586,0.5951,0.2018,0.6256,0.6812,0.5329,0.4197,0.0155,0.2726,0.2234,0.4182,0.7584,0.6944,0.4064,0.6294,0.6145,0.3821,0.5517,0.3657,0.7290000000000001,0.9291,0.7384,0.7321,0.3525,0.4221,0.7188,0.5538,0.4669,0.5164,0.5649,0.6716,0.5632,0.1538,0.5741,0.0596,0.0167,0.2881,0.5148,0.27,0.711,0.1381,0.0469,0.3451,0.2922,0.3557,0.7052,0.1838,0.5385,0.0622,0.2835,0.2315,0.3941,0.5208,0.0611,0.0601,0.1616,0.2205,0.0347,0.7797,0.0083,0.6607,0.5512,0.3789,0.1079,0.7444,0.0495,0.7340000000000001,0.1897,0.7846,0.5303,0.0254,0.6223,0.2207,0.4549,0.0056,0.0468,0.9011,0.9718,0.5631,0.7964,0.1315,0.6017,0.648,0.5188,0.903,0.5502,0.9877,0.9543,0.8511,0.3249,0.22399999999999998,0.7349,0.7372,0.9413,0.8139,0.085,0.5662,0.6656,0.0825,0.4335,0.5591,0.6573,0.7275,0.3475,0.308,0.3032,0.6892,0.41700000000000004,0.0484,0.2651,0.4681,0.1498,0.121,0.1645,0.0959,0.1061,0.2431,0.1045,0.9831,0.6206,0.1453,0.3728,0.4949,0.1695,0.3492,0.0956,0.6594,0.0524,0.0423,0.207,0.2375,0.1413,0.5318,0.8353,0.0619,0.0819,0.5513,0.08199999999999999,0.0313,0.8763,0.3965,0.7398,0.5473,0.6145,0.3853,0.8299,0.6128,0.3714,0.5165,0.8472,0.2985,0.5362,0.1027,0.2119,0.2621,0.6068,0.27699999999999997,0.1593,0.5964,0.0152,0.2483,0.5371,0.2086,0.1772,0.0558,0.1732,0.1561,0.2584,0.0244,0.3006,0.4622,0.4235,0.5138,0.3667,0.7884,0.6451,0.7161,0.2011,0.8779,0.5642,0.0972,0.9540000000000001,0.5779,0.1453,0.3639,0.0331,0.5632,0.1349,0.6352,0.12300000000000001,0.3533,0.8714,0.3573,0.2285,0.6935,0.836,0.6208,0.1628
CCN(CC)CCOc1ccc(Nc2ncc3cc(-c4c(Cl)cccc4Cl)c(=O)n(C)c3n2)cc1,CCN(CC)CCOc1ccc(Nc2ncc3cc(-c4c(Cl)cccc4Cl)c(=O)n(C)c3n2)cc1,0.0293,0.0093,0.9141,0.21600000000000003,0.7664,0.248,0.4362,0.6005,0.2761,0.7932,0.8643,0.1079,0.78,0.9055,0.0784,0.2465,0.1273,0.4476,0.9062,0.7671,0.8382,0.7471,0.3325,0.2145,0.9998,0.8297,0.9620000000000001,0.7243,0.7432,0.0096,0.0192,0.831,0.9998,0.9975,0.0533,0.8764,0.9864,0.9998,0.9997,0.9952,0.6415,0.6496,0.9919,0.9256,0.985,0.9982,0.9172,0.0751,0.9865,0.8633,0.9993,0.3025,0.9281,0.6317,0.0541,0.1283,0.9752,0.6411,0.8963,0.0925,0.1596,0.9205,0.0152,0.9933,0.9233,0.9501,0.9703,0.8824,0.0058,0.0018,0.6629999999999999,0.1427,0.9775,0.9670000000000001,0.8491,0.9929,0.2105,0.9924,0.9025,0.9723,0.0154,0.0081,0.9814,0.9898,0.9911,0.9986,0.7926,0.6649,0.9052,0.377,0.4659,0.4237,0.6482,0.3803,0.1133,0.0961,0.0819,0.5923,0.9978,0.4511,0.9732,0.0196,0.8834,0.1792,0.7956,0.0329,0.9606,0.7575,0.9966,0.8751,0.9187,0.3668,0.8577,0.1256,0.0195,0.9154,0.7567,0.021,0.8734,0.6977,0.0228,0.0248,0.8931,0.9949,0.5968,0.8528,0.7352,0.7715,0.1165,0.7331,0.3403,0.0171,0.6844,0.0188,0.0656,0.0072,0.4569,0.3212,0.0569,0.9924,0.0045,0.7926,0.7256,0.2324,0.0719,0.8975,0.5774,0.9484,0.0738,0.1415,0.264,0.8926,0.8383,0.2155,0.0363,0.9582,0.8759,0.7232,0.4896,0.9703,0.8985,0.4641,0.3677,0.5851,0.985,0.0557,0.1513,0.9208,0.8445,0.2138,0.1307,0.6032,0.2134,0.2945,0.0099,0.76,0.2433,0.5817,0.0615,0.2099,0.7016,0.8283,0.6377,0.8618,0.8678,0.2341,0.11900000000000001,0.1457,0.0998,0.9649,0.1099,0.0036,0.9516,0.2647,0.9914,0.3331,0.3167,0.7189,0.8267,0.0055,0.4949,0.1686,0.9736,0.0884
CCOc1cc2ncc(C#N)c(Nc3ccc(F)c(Cl)c3)c2cc1NC(=O)/C=C/CN(C)C,CCOc1cc2ncc(C#N)c(Nc3ccc(F)c(Cl)c3)c2cc1NC(=O)/C=C/CN(C)C,0.0526,0.0939,0.7785,0.0331,0.0684,0.0701,0.6809999999999999,0.0579,0.4508,0.6412,0.2052,0.1795,0.6398,0.0273,0.0913,0.4355,0.1448,0.5162,0.2642,0.9179999999999999,0.8235,0.9293,0.1158,0.6636,0.7816,0.6608,0.1663,0.1173,0.2155,0.0629,0.0845,0.2142,0.8613,0.3839,0.1161,0.6695,0.9563,0.7686,0.718,0.7145,0.1785,0.4756,0.2094,0.4474,0.7554,0.2469,0.2051,0.2342,0.4606,0.0849,0.5624,0.4669,0.2059,0.879,0.1398,0.1609,0.6546,0.5502,0.3694,0.3636,0.1053,0.5053,0.0131,0.1571,0.7772,0.0445,0.638,0.7621,0.0415,0.0317,0.4511,0.2253,0.6322,0.308,0.9296,0.2962,0.0875,0.4053,0.0504,0.5447,0.3019,0.0869,0.2185,0.5654,0.8352,0.8049,0.0338,0.0877,0.3369,0.4218,0.0987,0.1414,0.7351,0.8639,0.7032,0.3056,0.2528,0.3559,0.9525,0.5041,0.3479,0.2647,0.9057,0.7094,0.0668,0.1847,0.3475,0.1596,0.3726,0.7001,0.1741,0.195,0.1595,0.2261,0.1265,0.955,0.0362,0.6676,0.2415,0.0995,0.0922,0.4189,0.7154,0.8485,0.0831,0.8668,0.8124,0.65,0.8234,0.2886,0.7699,0.057999999999999996,0.7822,0.1737,0.1026,0.1159,0.579,0.4417,0.3577,0.6315,0.3225,0.6567,0.3234,0.3489,0.0162,0.5273,0.8393,0.8012,0.1003,0.2392,0.5136,0.0649,0.62,0.4379,0.2019,0.1682,0.3327,0.5047,0.3115,0.5393,0.5047,0.5393,0.5357,0.4704,0.2673,0.3991,0.47600000000000003,0.8838,0.2975,0.2324,0.7106,0.6727,0.1478,0.3846,0.2135,0.5242,0.4878,0.0882,0.3426,0.2877,0.7239,0.8377,0.8496,0.4399,0.8936,0.179,0.2827,0.5283,0.3208,0.4582,0.0596,0.0723,0.2543,0.8391,0.9406,0.275,0.4043,0.5422,0.2386,0.1121,0.8722,0.4555,0.9651,0.638
C=CC(=O)Nc1cccc(Nc2nc(Nc3ccc(N4CCN(C(C)=O)CC4)cc3OC)ncc2C(F)(F)F)c1,C=CC(=O)Nc1cccc(Nc2nc(Nc3ccc(N4CCN(C(C)=O)CC4)cc3OC)ncc2C(F)(F)F)c1,0.1052,0.711,0.9884,0.1792,0.9408,0.5429,0.7381,0.2412,0.9143,0.6921,0.2919,0.5742,0.9362,0.8944,0.2184,0.902,0.2977,0.8456,0.8531,0.9264,0.8087,0.544,0.903,0.9592,0.5364,0.87,0.3329,0.9641,0.3255,0.693,0.3073,0.9536,0.9217,0.7334,0.5511,0.9796,0.5223,0.9547,0.9587,0.9376,0.9384,0.7598,0.7129,0.97,0.6518,0.9714,0.1071,0.0814,0.8547,0.5608,0.8868,0.6962,0.4207,0.9456,0.5547,0.6946,0.6536,0.6259,0.8832,0.3595,0.3709,0.9415,0.2399,0.6539,0.9715,0.64,0.7486,0.898,0.0344,0.0362,0.9592,0.3504,0.9378,0.8468,0.8292,0.8691,0.193,0.5423,0.4723,0.7808,0.10400000000000001,0.0278,0.6423,0.9518,0.8370000000000001,0.9266,0.9722,0.9459,0.8977,0.3181,0.0958,0.0838,0.1511,0.7234,0.8917,0.4089,0.2162,0.47200000000000003,0.9653,0.925,0.6058,0.2752,0.91,0.9151,0.9166,0.9941,0.8723,0.9681,0.8712,0.5107,0.8311,0.3924,0.5377,0.5845,0.3154,0.8383,0.4363,0.1743,0.4825,0.9761,0.0509,0.2904,0.5923,0.9875,0.6829,0.8511,0.5663,0.8012,0.9540000000000001,0.354,0.7781,0.0787,0.2723,0.0746,0.4036,0.3203,0.8734,0.6623,0.2604,0.9335,0.0533,0.797,0.986,0.6329,0.2119,0.8253,0.8138,0.99,0.6396,0.5881,0.6559,0.2624,0.6598,0.674,0.5897,0.1156,0.8306,0.8569,0.5951,0.6156,0.4929,0.9825,0.7190000000000001,0.8808,0.9375,0.0726,0.4761,0.3771,0.6053,0.8564,0.7726,0.285,0.6505,0.8733,0.1903,0.8346,0.915,0.8647,0.6932,0.8835,0.8097,0.9643,0.8464,0.1499,0.9521,0.794,0.8537,0.8981,0.8364,0.4138,0.4855,0.0545,0.3418,0.6276,0.7799,0.7721,0.5836,0.9715,0.8932,0.2472,0.9604,0.3391,0.6777,0.1004
CN1CCC(Nc2ncc3ncnc(Nc4ccc(F)c(Cl)c4)c3n2)CC1,CN1CCC(Nc2ncc3ncnc(Nc4ccc(F)c(Cl)c4)c3n2)CC1,0.0032,0.0764,0.019,0.0045,0.0188,0.0187,0.5366,0.0082,0.0183,0.0101,0.2463,0.0635,0.188,0.0159,0.0055,0.3756,0.1962,0.0931,0.0457,0.5054,0.2488,0.2674,0.0372,0.0682,0.0167,0.9492,0.0086,0.3786,0.0016,0.0064,0.0136,0.0069,0.0363,0.0285,0.4307,0.1106,0.0134,0.1578,0.0483,0.0435,0.0276,0.0051,0.0206,0.1041,0.0162,0.1144,0.0092,0.0052,0.0017,0.0592,0.009000000000000001,0.07,0.0076,0.1306,0.1146,0.0139,0.0114,0.0532,0.0038,0.0079,0.4625,0.0251,0.0095,0.0118,0.0551,0.0141,0.0411,0.0127,0.0059,0.0053,0.0237,0.0063,0.013000000000000001,0.0299,0.0183,0.1054,0.0035,0.0178,0.0658,0.0143,0.0195,0.0311,0.0161,0.3649,0.2649,0.1078,0.0272,0.0764,0.2246,0.175,0.1058,0.0123,0.0268,0.0533,0.2905,0.1629,0.259,0.0441,0.0403,0.1021,0.0026,0.0149,0.0164,0.1086,0.0039,0.0432,0.0576,0.1443,0.0567,0.0599,0.0921,0.3732,0.0693,0.6132,0.0503,0.0092,0.0037,0.015,0.028999999999999998,0.0184,0.009000000000000001,0.0207,0.1033,0.27,0.0017,0.0783,0.1418,0.0147,0.0849,0.0056,0.0997,0.0501,0.0179,0.0561,0.0034,0.1187,0.0486,0.0956,0.0229,0.1979,0.0553,0.0014,0.0268,0.1169,0.002,0.077,0.0414,0.467,0.2367,0.1159,0.0998,0.0275,0.037000000000000005,0.1073,0.0211,0.1078,0.0337,0.0154,0.0832,0.0272,0.1039,0.1716,0.0608,0.0551,0.1585,0.0672,0.1987,0.0253,0.0141,0.0997,0.1064,0.3511,0.0474,0.0606,0.3486,0.037000000000000005,0.091,0.0198,0.057999999999999996,0.4076,0.0253,0.1493,0.1227,0.0142,0.2689,0.0265,0.0703,0.2053,0.0231,0.0317,0.0111,0.0107,0.0875,0.0384,0.5215,0.0025,0.1517,0.0079,0.0278,0.0271,0.3339,0.0675,0.3223,0.098
CN(C)C/C=C/C(=O)Nc1cc2c(Nc3ccc(F)c(Cl)c3)ncnc2cc1O[C@H]1CCOC1,CN(C)C/C=C/C(=O)Nc1cc2c(Nc3ccc(F)c(Cl)c3)ncnc2cc1O[C@H]1CCOC1,0.0749,0.1658,0.2278,0.0609,0.3545,0.0856,0.5688,0.0514,0.2779,0.1003,0.1542,0.3404,0.1892,0.0384,0.1186,0.1474,0.2137,0.1295,0.1232,0.4052,0.1831,0.3696,0.2086,0.698,0.1843,0.9711,0.0601,0.9635,0.0344,0.0776,0.0097,0.0813,0.5636,0.0419,0.0924,0.3003,0.0797,0.187,0.3494,0.1389,0.0537,0.1285,0.0822,0.2233,0.0085,0.2219,0.0157,0.1011,0.0438,0.0497,0.1374,0.7553,0.0482,0.2331,0.0161,0.0471,0.0333,0.3186,0.1211,0.0151,0.0873,0.1206,0.0994,0.0689,0.3451,0.0638,0.153,0.3188,0.0531,0.0179,0.5692,0.08199999999999999,0.1144,0.3485,0.4478,0.1931,0.2142,0.1303,0.0712,0.0655,0.1418,0.0376,0.1366,0.4302,0.5029,0.1416,0.14300000000000002,0.1241,0.1283,0.0732,0.0554,0.0536,0.0914,0.5194,0.619,0.4344,0.4379,0.1147,0.792,0.8598,0.0549,0.1822,0.5283,0.5767,0.1249,0.1719,0.253,0.1148,0.3121,0.382,0.11599999999999999,0.1834,0.0572,0.1774,0.01,0.1532,0.0771,0.0078,0.06,0.0193,0.0672,0.025,0.3014,0.2319,0.0384,0.2518,0.3297,0.0569,0.4914,0.0345,0.1308,0.0868,0.1933,0.0395,0.0275,0.1475,0.1905,0.2989,0.6958,0.7208,0.2917,0.126,0.0533,0.2907,0.0216,0.4588,0.1767,0.9929,0.1989,0.19399999999999998,0.2237,0.0493,0.0501,0.08199999999999999,0.1724,0.0926,0.0576,0.0497,0.047,0.0888,0.3902,0.3508,0.5897,0.2505,0.2765,0.2704,0.4253,0.1074,0.1301,0.2427,0.1872,0.3078,0.2194,0.3657,0.1762,0.1178,0.4231,0.1227,0.205,0.6099,0.1719,0.3504,0.5282,0.0379,0.6192,0.1944,0.2091,0.7684,0.401,0.0763,0.0557,0.1151,0.0823,0.4777,0.7782,0.1547,0.0619,0.0456,0.1649,0.0827,0.5563,0.5744,0.2935,0.0736
C=CC(=O)Nc1cc(Nc2nccc(-c3cn(C)c4ccccc34)n2)c(OC)cc1N(C)CCN(C)C,C=CC(=O)Nc1cc(Nc2nccc(-c3cn(C)c4ccccc34)n2)c(OC)cc1N(C)CCN(C)C,0.0631,0.4502,0.6529,0.1245,0.1983,0.3886,0.4418,0.2978,0.5627,0.4615,0.4716,0.4305,0.4076,0.0774,0.515,0.2236,0.3413,0.7021,0.2841,0.8706,0.7179,0.5803,0.3,0.6904,0.4904,0.9246,0.7057,0.5577,0.2353,0.6676,0.5906,0.5587,0.6782,0.2517,0.3911,0.5895,0.3136,0.7017,0.56,0.3641,0.0503,0.0267,0.3668,0.4782,0.5681,0.3563,0.1091,0.3376,0.3411,0.067,0.397,0.2816,0.2452,0.6574,0.6135,0.4706,0.2843,0.1802,0.1818,0.3809,0.1359,0.3225,0.0824,0.0896,0.7701,0.0431,0.2541,0.8018,0.069,0.0572,0.433,0.1954,0.4631,0.3956,0.5595,0.4668,0.0533,0.4188,0.1581,0.5177,0.0628,0.1537,0.633,0.8462,0.687,0.77,0.5132,0.2546,0.1645,0.16899999999999998,0.0634,0.1367,0.2865,0.5197,0.3057,0.3408,0.35200000000000004,0.1327,0.8631,0.6719,0.7253,0.5538,0.6445,0.5118,0.1138,0.4839,0.5656,0.2745,0.5495,0.4337,0.4422,0.2577,0.1738,0.3699,0.6162,0.4145,0.4081,0.7854,0.1792,0.2517,0.4702,0.7205,0.4258,0.4936,0.4924,0.7657,0.4893,0.6407,0.7387,0.588,0.8504,0.2283,0.2859,0.0745,0.2601,0.2235,0.4952,0.3377,0.1102,0.3812,0.27,0.0509,0.6398,0.2048,0.213,0.3567,0.7465,0.7786,0.6356,0.3153,0.5329,0.5306,0.4416,0.7076,0.8626,0.3572,0.4728,0.3154,0.3037,0.6484,0.3937,0.5733,0.7095,0.2883,0.4742,0.3658,0.4008,0.7449,0.1834,0.1471,0.3179,0.2878,0.0839,0.2667,0.1641,0.5806,0.7096,0.3205,0.2926,0.69,0.413,0.8026,0.2736,0.2242,0.816,0.3402,0.2895,0.5282,0.2964,0.2648,0.0609,0.1904,0.198,0.2978,0.8785,0.1342,0.4725,0.4735,0.2744,0.5405,0.7362,0.5824,0.8503,0.3974
COc1cccc(Nc2ncnn3ccc(CN4CC[C@@H](N)[C@H](O)C4)c23)c1,COc1cccc(Nc2ncnn3ccc(CN4CC[C@@H](N)[C@H](O)C4)c23)c1,0.0224,0.2401,0.2469,0.1435,0.2222,0.513,0.4566,0.1712,0.2326,0.0544,0.5489,0.6453,0.1988,0.519,0.0338,0.3249,0.6204,0.1857,0.2316,0.6388,0.3208,0.3821,0.1364,0.1846,0.3071,0.9036,0.0421,0.9437,0.0274,0.0881,0.0205,0.1093,0.4198,0.2633,0.419,0.4161,0.0255,0.425,0.6115,0.2854,0.0568,0.0358,0.3533,0.5963,0.1241,0.6576,0.0503,0.0896,0.0562,0.1135,0.3909,0.1697,0.2275,0.2575,0.1469,0.1242,0.245,0.191,0.0901,0.0946,0.5128,0.2888,0.0456,0.2521,0.436,0.3179,0.1734,0.4182,0.0051,0.0061,0.2537,0.1111,0.1443,0.5343,0.2062,0.6267,0.1579,0.8321,0.4283,0.0601,0.0694,0.0949,0.2872,0.4843,0.5935,0.3733,0.7758,0.1992,0.0967,0.054000000000000006,0.0212,0.3352,0.0582,0.5069,0.6359,0.1088,0.0973,0.1244,0.3441,0.4579,0.0892,0.0877,0.126,0.4032,0.1105,0.1881,0.2811,0.2846,0.2525,0.6085,0.22899999999999998,0.4079,0.1309,0.3644,0.2449,0.0461,0.1123,0.0201,0.3363,0.098,0.0377,0.1241,0.6313,0.5233,0.0221,0.4457,0.3208,0.0631,0.1732,0.031,0.0926,0.1339,0.1058,0.0934,0.08,0.2381,0.2543,0.2467,0.2363,0.5967,0.0717,0.0245,0.1167,0.2542,0.0191,0.5842,0.31,0.7097,0.2108,0.0995,0.2349,0.0893,0.2004,0.1474,0.2529,0.1615,0.1331,0.0547,0.1531,0.1395,0.43,0.5921,0.2834,0.249,0.4365,0.3673,0.0936,0.1427,0.1743,0.204,0.1577,0.5644,0.4744,0.2039,0.2588,0.124,0.2122,0.2216,0.0594,0.4103,0.1506,0.3386,0.1897,0.087,0.6728,0.235,0.1056,0.672,0.2869,0.0771,0.1231,0.1144,0.1363,0.1671,0.5762,0.0435,0.1955,0.2201,0.2543,0.0946,0.4588,0.4156,0.3253,0.0628
COc1cc2ncnc(Nc3ccc(F)c(Cl)c3)c2cc1OCCN1CC2(CC2)C2(C1)OCCO2,COc1cc2ncnc(Nc3ccc(F)c(Cl)c3)c2cc1OCCN1CC2(CC2)C2(C1)OCCO2,0.0748,0.0861,0.4017,0.1437,0.685,0.08900000000000001,0.2329,0.2556,0.1628,0.4636,0.8561,0.1812,0.3748,0.7304,0.2342,0.1928,0.2438,0.3878,0.3276,0.9129999999999999,0.3404,0.5131,0.4706,0.8541,0.6311,0.9588,0.2966,0.8418,0.1045,0.073,0.0349,0.4225,0.7119,0.2904,0.1413,0.58,0.2213,0.8134,0.9633,0.9497,0.324,0.3477,0.6096,0.6913,0.3405,0.8263,0.316,0.1356,0.3584,0.0828,0.7829,0.2535,0.2612,0.5138,0.0458,0.1846,0.8424,0.2246,0.3552,0.1896,0.1248,0.4881,0.1598,0.9275,0.6738,0.35,0.3008,0.5932,0.0124,0.0108,0.5396,0.1544,0.8345,0.9024,0.3112,0.8682,0.4313,0.5321,0.4636,0.38,0.0987,0.0775,0.3035,0.7666,0.7972,0.884,0.517,0.2331,0.5476,0.1539,0.0848,0.2279,0.1018,0.2705,0.3461,0.5567,0.4059,0.0726,0.8699,0.6265,0.2624,0.1842,0.2057,0.3908,0.2703,0.0688,0.5801,0.5089,0.972,0.4709,0.4337,0.1491,0.1658,0.0624,0.0833,0.2683,0.7336,0.0115,0.3505,0.1202,0.0558,0.02,0.4975,0.6722,0.237,0.3667,0.7101,0.0639,0.2752,0.0991,0.2302,0.0641,0.121,0.0649,0.0834,0.1616,0.2188,0.1377,0.1233,0.8911,0.0459,0.3691,0.4645,0.4213,0.0962,0.8089,0.3876,0.9479,0.1271,0.1933,0.2241,0.4968,0.35,0.1465,0.0817,0.5794,0.1657,0.257,0.1279,0.6802,0.7643,0.3971,0.4216,0.4011,0.4202,0.1242,0.1754,0.3514,0.1976,0.63,0.1408,0.3511,0.2801,0.7965,0.1405,0.3062,0.1593,0.1588,0.07200000000000001,0.3295,0.2244,0.4732,0.4409,0.1625,0.9155,0.386,0.2116,0.3797,0.5027,0.3726,0.0704,0.0386,0.7451,0.2476,0.9520000000000001,0.3489,0.1768,0.2601,0.5561,0.042,0.4903,0.1039,0.6947,0.078
C[C@@H]1COC(Nc2ccc3ncnc(Nc4ccc(OCc5nccs5)c(Cl)c4)c3c2)=N1,C[C@@H]1COC(Nc2ccc3ncnc(Nc4ccc(OCc5nccs5)c(Cl)c4)c3c2)=N1,0.064,0.1743,0.3858,0.0338,0.6392,0.0839,0.5748,0.1298,0.2299,0.2559,0.4762,0.4422,0.1572,0.307,0.1118,0.174,0.2092,0.1184,0.2549,0.8059999999999999,0.0868,0.3099,0.1544,0.6176,0.4696,0.9858,0.0463,0.9922,0.0443,0.0833,0.0105,0.0681,0.7606,0.1959,0.2179,0.457,0.3133,0.4747,0.8753,0.4957,0.0844,0.4649,0.4644,0.4349,0.1434,0.5007,0.255,0.0314,0.1633,0.0456,0.6885,0.2969,0.3175,0.337,0.0309,0.0309,0.3857,0.1939,0.1325,0.0168,0.2847,0.2161,0.1194,0.8105,0.3607,0.4491,0.1823,0.7445,0.0115,0.0059,0.7407,0.1,0.3572,0.8395,0.34700000000000003,0.8479,0.1614,0.5549,0.2848,0.1949,0.2567,0.0191,0.2583,0.3305,0.8096,0.5932,0.6847,0.0913,0.1072,0.0341,0.0079,0.1157,0.0151,0.6194,0.5015,0.5045,0.4643,0.0426,0.8864,0.6444,0.0819,0.11800000000000001,0.4418,0.5612,0.0671,0.0414,0.2145,0.1265,0.8878,0.5262,0.2847,0.2247,0.0799,0.11199999999999999,0.0103,0.0931,0.4852,0.0039,0.0721,0.0317,0.0326,0.0235,0.5563,0.5003,0.063,0.1684,0.6077,0.0413,0.3187,0.0516,0.3216,0.0646,0.2143,0.0332,0.0263,0.1099,0.223,0.1725,0.5257,0.8678,0.1132,0.1128,0.0843,0.3493,0.0214,0.5954,0.1929,0.9888,0.0874,0.145,0.2211,0.2357,0.1338,0.0944,0.0504,0.1685,0.1236,0.0686,0.0596,0.3562,0.7142,0.1744,0.5486,0.2951,0.4046,0.1506,0.2314,0.126,0.2683,0.4732,0.2006,0.5204,0.5187,0.5268,0.1343,0.1396,0.1868,0.1724,0.0788,0.4619,0.2499,0.3385,0.4254,0.0971,0.8417,0.2951,0.3122,0.6126,0.3399,0.2137,0.1046,0.0219,0.2681,0.4748,0.938,0.1437,0.1053,0.1152,0.4804,0.067,0.4393,0.3437,0.4721,0.0435
Cc1c(NC(=O)OC[C@@H]2COCCN2)cn2ncnc(Nc3ccc4c(cnn4Cc4cccc(F)c4)c3)c12,Cc1c(NC(=O)OC[C@@H]2COCCN2)cn2ncnc(Nc3ccc4c(cnn4Cc4cccc(F)c4)c3)c12,0.0197,0.0224,0.4868,0.3234,0.4805,0.2416,0.5458,0.1952,0.0916,0.2692,0.5971,0.2495,0.1689,0.506,0.052000000000000005,0.2194,0.0942,0.5813,0.2527,0.7216,0.0694,0.2754,0.1214,0.3407,0.3885,0.9861,0.4032,0.9837,0.4542,0.1154,0.0751,0.4153,0.7356,0.235,0.0876,0.5802,0.5999,0.6281,0.94,0.6534,0.4736,0.2357,0.6528,0.3192,0.1308,0.7654,0.1828,0.0302,0.3801,0.0802,0.9406,0.1877,0.2728,0.4859,0.0332,0.11699999999999999,0.3928,0.3381,0.5673,0.1035,0.0721,0.2128,0.3646,0.794,0.5829,0.1698,0.1719,0.6082,0.0432,0.0144,0.6246,0.0541,0.5921,0.7859999999999999,0.3047,0.6305,0.1424,0.7323,0.2058,0.5159,0.1195,0.0246,0.5993,0.7658,0.8305,0.9048,0.7232,0.0866,0.1744,0.0266,0.0577,0.17300000000000001,0.3,0.3852,0.298,0.1686,0.1475,0.085,0.8683,0.5605,0.3019,0.0736,0.4244,0.3089,0.1925,0.2738,0.27,0.46299999999999997,0.9487,0.6571,0.1289,0.1923,0.1954,0.0352,0.0229,0.61,0.6811,0.0217,0.0848,0.2168,0.0472,0.0284,0.1523,0.5115,0.7309,0.4426,0.1867,0.1929,0.1534,0.1927,0.4291,0.0597,0.4057,0.0289,0.0315,0.3034,0.1156,0.0589,0.0591,0.924,0.0199,0.0881,0.4497,0.1751,0.0492,0.7014,0.1925,0.9652,0.1562,0.2572,0.2201,0.8043,0.2916,0.2002,0.1437,0.705,0.0723,0.4228,0.1693,0.6748,0.5791,0.4233,0.3437,0.2908,0.2541,0.0209,0.0748,0.2365,0.1763,0.2043,0.1812,0.3105,0.0965,0.4258,0.0104,0.1739,0.2885,0.1361,0.0649,0.2294,0.2167,0.2934,0.4425,0.0756,0.8684,0.1482,0.2106,0.2506,0.5335,0.2292,0.3112,0.0032,0.3454,0.0844,0.8666,0.0396,0.17,0.6286,0.3302,0.0693,0.6319,0.0669,0.46799999999999997,0.077
C#Cc1cccc(Nc2ncnc3cc(OCCOC)c(OCCOC)cc23)c1,C#Cc1cccc(Nc2ncnc3cc(OCCOC)c(OCCOC)cc23)c1,0.0021,0.0244,0.0349,0.0034,0.0702,0.0092,0.046,0.0031,0.0026,0.0104,0.6834,0.0089,0.0527,0.0075,0.0027,0.016,0.025,0.0061,0.0089,0.8551,0.0319,0.3141,0.0661,0.1,0.1499,0.9843,0.0143,0.9788,0.0027,0.0047,0.003,0.0143,0.5995,0.1169,0.002,0.0336,0.0339,0.6808,0.8896,0.3177,0.0137,0.0235,0.4511,0.1132,0.0803,0.5902,0.0918,0.0041,0.005,0.004,0.2779,0.0287,0.2122,0.0788,0.0388,0.0047,0.1022,0.0108,0.0099,0.0025,0.0044,0.0227,0.0017,0.252,0.1883,0.0094,0.0132,0.0917,0.0023,0.0028,0.0033,0.0095,0.0794,0.5744,0.0499,0.6395,0.0094,0.0132,0.049,0.1219,0.0803,0.0024,0.0467,0.0804,0.7161,0.1678,0.0643,0.0049,0.0369,0.0161,0.0047,0.0158,0.0048,0.0246,0.021,0.0078,0.0292,0.0014,0.8249,0.0736,0.0334,0.0067,0.0437,0.1029,0.0045,0.0165,0.0468,0.0037,0.6468,0.4133,0.0428,0.0085,0.0009,0.0118,0.0044,0.0393,0.0296,0.0021,0.006999999999999999,0.0022,0.0043,0.0036,0.0687,0.3338,0.0105,0.0346,0.1433,0.0079,0.0212,0.0016,0.0127,0.0422,0.027000000000000003,0.0091,0.002,0.1887,0.0176,0.0246,0.0119,0.8336,0.0584,0.0044,0.0346,0.0102,0.0032,0.1246,0.0125,0.9938,0.0074,0.0079,0.0371,0.0042,0.033,0.018000000000000002,0.0399,0.0146,0.0131,0.0347,0.0191,0.0563,0.6214,0.0408,0.0647,0.0449,0.0424,0.0139,0.3977,0.0389,0.0151,0.0781,0.0154,0.1082,0.057,0.2682,0.0553,0.0249,0.1676,0.0095,0.0204,0.2387,0.0041,0.071,0.0454,0.0081,0.6665,0.0049,0.0566,0.033,0.0438,0.1126,0.0046,0.0022,0.0441,0.0218,0.7361,0.0072,0.0131,0.0123,0.0163,0.005,0.0939,0.0064,0.4511,0.0108
CCN1CCN(Cc2ccc(-c3cc4c(N[C@H](C)c5ccccc5)ncnc4[nH]3)cc2)CC1,CCN1CCN(Cc2ccc(-c3cc4c(N[C@H](C)c5ccccc5)ncnc4[nH]3)cc2)CC1,0.1748,0.19399999999999998,0.9457,0.3543,0.9508,0.7090000000000001,0.7734,0.2206,0.3564,0.8107,0.9055,0.1993,0.9008,0.4525,0.1506,0.2394,0.0797,0.5653,0.7677,0.961,0.6049,0.943,0.8258,0.7813,0.9638,0.9893,0.196,0.9798,0.5895,0.3529,0.19699999999999998,0.762,0.9957,0.9773,0.2297,0.7997,0.8723,0.9962,0.9979,0.9822,0.7933,0.1656,0.9802,0.8883,0.7582,0.9916,0.9205,0.1334,0.9723,0.1459,0.976,0.4368,0.831,0.9424,0.0979,0.2822,0.9404,0.4551,0.9159999999999999,0.5051,0.3001,0.8591,0.1751,0.8634,0.8343,0.6091,0.0886,0.9390000000000001,0.0495,0.0242,0.6568,0.1626,0.9717,0.9771,0.7067,0.996,0.1285,0.7502,0.6536,0.7909999999999999,0.1817,0.0865,0.6393,0.9496,0.978,0.9789,0.7076,0.0772,0.2465,0.10800000000000001,0.0862,0.1711,0.2393,0.6416,0.5798,0.5328,0.5464,0.3239,0.9904,0.7883,0.7559,0.1648,0.5963,0.6948,0.6615,0.2537,0.9269,0.126,0.9601,0.5153,0.8993,0.28300000000000003,0.4693,0.4701,0.0558,0.4629,0.9273,0.026000000000000002,0.6069,0.5154,0.2556,0.0702,0.7275,0.9609,0.8935,0.8648,0.9041,0.8248,0.6735,0.3048,0.8903,0.2807,0.2971,0.0168,0.1192,0.2791,0.6446,0.5882,0.1731,0.9763,0.1375,0.4227,0.8963,0.6697,0.033,0.8133,0.7144,0.9789,0.4527,0.4466,0.7828,0.1237,0.9363,0.4972,0.4091,0.1188,0.8187,0.7639,0.8089,0.7854,0.8324,0.6785,0.45,0.9563,0.7114,0.1875,0.1592,0.9218,0.7372,0.6042,0.4742,0.4325,0.6727,0.9778,0.0391,0.6975,0.4158,0.7444,0.1844,0.5951,0.6097,0.8037,0.7092,0.5767,0.983,0.3673,0.1349,0.6167,0.5651,0.7872,0.1219,0.0213,0.2853,0.4873,0.9547,0.3057,0.7159,0.8226,0.867,0.1471,0.8378,0.5157,0.992,0.4878
COc1cc2ncnc(Nc3ccc(F)c(Cl)c3)c2cc1NC(=O)/C=C/CN1CCCCC1,COc1cc2ncnc(Nc3ccc(F)c(Cl)c3)c2cc1NC(=O)/C=C/CN1CCCCC1,0.0132,0.0277,0.1633,0.0401,0.1608,0.0258,0.2305,0.0225,0.0586,0.040999999999999995,0.4643,0.0613,0.2036,0.0125,0.0152,0.084,0.0659,0.0811,0.0364,0.7608,0.16,0.5248,0.1616,0.6002,0.1291,0.9777,0.0565,0.9488,0.0149,0.018000000000000002,0.0183,0.0744,0.7828,0.1017,0.03,0.1757,0.1172,0.4179,0.8042,0.3505,0.0434,0.0863,0.261,0.127,0.0268,0.3678,0.1808,0.0233,0.0783,0.0186,0.1745,0.2816,0.2395,0.312,0.0262,0.0081,0.0713,0.1604,0.1275,0.0126,0.021,0.0576,0.0135,0.1249,0.2418,0.0172,0.0508,0.1627,0.0208,0.013999999999999999,0.1464,0.0168,0.1975,0.2931,0.228,0.2779,0.0663,0.0283,0.0286,0.1885,0.0749,0.0228,0.0947,0.4812,0.5401,0.3196,0.0827,0.038,0.1742,0.0948,0.0816,0.0218,0.1712,0.1457,0.1749,0.1111,0.1525,0.0288,0.8659,0.4791,0.0953,0.0397,0.3549,0.2353,0.0477,0.0812,0.1907,0.0665,0.3953,0.2704,0.0864,0.1054,0.0251,0.035,0.0072,0.1487,0.048,0.0058,0.0386,0.0199,0.0157,0.0059,0.1621,0.4522,0.0257,0.1543,0.2639,0.0618,0.2316,0.01,0.1516,0.0625,0.0987,0.0234,0.0058,0.2041,0.0689,0.12300000000000001,0.0669,0.8782,0.1034,0.035,0.0655,0.1188,0.0067,0.1748,0.0753,0.9968,0.1533,0.0822,0.1178,0.0334,0.087,0.0446,0.0494,0.2277,0.0484,0.1072,0.0786,0.1795,0.1818,0.1241,0.3648,0.1663,0.23399999999999999,0.055,0.41,0.1534,0.078,0.1307,0.1718,0.0968,0.0745,0.2545,0.0798,0.0899,0.43,0.0322,0.0965,0.5178,0.0417,0.2521,0.3293,0.0364,0.6990000000000001,0.0602,0.1017,0.1505,0.2182,0.1442,0.0258,0.0205,0.1081,0.1832,0.9129999999999999,0.0337,0.0809,0.0346,0.0968,0.0363,0.3186,0.0547,0.5646,0.1228
COc1cc2ncnc(Nc3ccc(F)c(Cl)c3)c2cc1OCCCN1CCOCC1,COc1cc2ncnc(Nc3ccc(F)c(Cl)c3)c2cc1OCCCN1CCOCC1,0.0008,0.0146,0.0101,0.0032,0.0514,0.0061,0.0855,0.0084,0.006,0.0137,0.7226,0.0212,0.0834,0.0072,0.0021,0.0367,0.0549,0.0096,0.009000000000000001,0.8128,0.0731,0.3748,0.063,0.1609,0.0899,0.9708,0.0161,0.8246,0.0029,0.0031,0.0042,0.0327,0.2306,0.0472,0.0051,0.0486,0.0181,0.3591,0.7811,0.3528,0.013999999999999999,0.0157,0.2297,0.1154,0.0161,0.3716,0.0701,0.0068,0.0019,0.0052,0.1843,0.0598,0.0972,0.1108,0.0288,0.0018,0.1063,0.0155,0.0076,0.0035,0.0061,0.0115,0.0023,0.3004,0.1161,0.0061,0.0094,0.026000000000000002,0.0012,0.0007,0.0043,0.0046,0.0355,0.3079,0.0283,0.5988,0.0144,0.0228,0.0432,0.0709,0.0092,0.0023,0.0116,0.1325,0.4711,0.171,0.0534,0.0086,0.0871,0.0756,0.049,0.0177,0.0445,0.0166,0.0472,0.0199,0.0622,0.0028,0.5324,0.2474,0.0111,0.0076,0.0271,0.0477,0.003,0.0136,0.0258,0.0235,0.5547,0.1639,0.025,0.0227,0.003,0.0089,0.0051,0.0317,0.0121,0.0015,0.0281,0.0052,0.0025,0.0012,0.0482,0.2709,0.0039,0.0248,0.0355,0.0068,0.0217,0.001,0.0119,0.0222,0.013999999999999999,0.0134,0.001,0.096,0.022000000000000002,0.0229,0.012,0.8106,0.0244,0.0029,0.0254,0.0235,0.0032,0.0786,0.0259,0.9807,0.0258,0.0163,0.0258,0.0298,0.0486,0.0146,0.0164,0.1804,0.0061,0.0237,0.0291,0.0426,0.2674,0.0266,0.0605,0.0282,0.0377,0.0189,0.2184,0.0455,0.0163,0.0917,0.0208,0.1036,0.0387,0.0771,0.0642,0.0262,0.1845,0.0065,0.0168,0.2169,0.0061,0.0682,0.0445,0.0139,0.4104,0.0203,0.0321,0.0412,0.1061,0.0512,0.0042,0.0018,0.1469,0.0349,0.7849,0.0075,0.0182,0.0173,0.0105,0.0025,0.0874,0.0092,0.1992,0.0231
C#Cc1cccc(Nc2ncnc3cc(OC)c(OCCCCCCC(=O)NO)cc23)c1,C#Cc1cccc(Nc2ncnc3cc(OC)c(OCCCCCCC(=O)NO)cc23)c1,0.0508,0.0947,0.4947,0.0595,0.6593,0.107,0.0952,0.0361,0.0681,0.107,0.6352,0.0745,0.2296,0.1681,0.0975,0.0668,0.0421,0.2309,0.0743,0.8682,0.0641,0.253,0.1691,0.4788,0.1746,0.9903,0.1556,0.9834,0.0254,0.0967,0.0389,0.0736,0.3865,0.1202,0.0586,0.2545,0.0462,0.4186,0.8684,0.3038,0.0241,0.1455,0.2562,0.2713,0.0804,0.7487,0.0566,0.0119,0.1927,0.0515,0.0901,0.1444,0.1511,0.2564,0.0715,0.1417,0.1574,0.0969,0.1861,0.0758,0.0503,0.529,0.0825,0.382,0.4698,0.1684,0.1515,0.4464,0.0521,0.0294,0.1779,0.1361,0.5361,0.7899,0.1887,0.1622,0.0186,0.0948,0.1114,0.2732,0.2709,0.0197,0.3379,0.4655,0.6227,0.2775,0.3938,0.0296,0.0567,0.0245,0.0057,0.0707,0.0143,0.1649,0.1009,0.13,0.2809,0.0082,0.871,0.4397,0.2734,0.1008,0.3216,0.6792,0.3319,0.3831,0.4042,0.0397,0.6309,0.8878,0.2323,0.0692,0.0138,0.0556,0.087,0.2762,0.3858,0.018000000000000002,0.0316,0.022000000000000002,0.0464,0.0466,0.1677,0.4934,0.1559,0.3136,0.4668,0.1029,0.3923,0.0274,0.1895,0.1271,0.1595,0.0333,0.1037,0.5071,0.1197,0.1793,0.0649,0.7784,0.1877,0.0607,0.1323,0.1593,0.034,0.7281,0.1003,0.9909,0.1175,0.0974,0.2331,0.026000000000000002,0.0555,0.2106,0.3774,0.0233,0.0994,0.083,0.0488,0.1957,0.6306,0.6491,0.4751,0.5364,0.3926,0.038,0.4585,0.0856,0.1117,0.3229,0.2821,0.134,0.1842,0.8322,0.0676,0.1751,0.2606,0.1792,0.1188,0.3796,0.0275,0.2477,0.45899999999999996,0.0238,0.9076,0.0383,0.4341,0.3052,0.126,0.2346,0.1943,0.0101,0.154,0.0649,0.8485,0.0805,0.1296,0.1043,0.2477,0.0711,0.5184,0.0527,0.6321,0.0388
CS(=O)(=O)CCNCc1ccc(-c2ccc3ncnc(Nc4ccc(OCc5cccc(F)c5)c(Cl)c4)c3c2)o1,CS(=O)(=O)CCNCc1ccc(-c2ccc3ncnc(Nc4ccc(OCc5cccc(F)c5)c(Cl)c4)c3c2)o1,0.0106,0.0329,0.0056,0.0018,0.0044,0.0143,0.0506,0.0015,0.006,0.0007,0.0861,0.0171,0.0034,0.0052,0.0032,0.0128,0.019,0.01,0.0015,0.0538,0.0123,0.0328,0.0027,0.021,0.001,0.9768,0.0104,0.9624,0.0007,0.0074,0.0021,0.0047,0.0068,0.0061,0.0087,0.0085,0.0027,0.004,0.0149,0.006999999999999999,0.013000000000000001,0.0118,0.0166,0.0385,0.0023,0.0103,0.0011,0.0046,0.0009,0.0011,0.0182,0.0076,0.0079,0.0085,0.0176,0.0127,0.0037,0.0053,0.0014,0.001,0.0415,0.0052,0.0087,0.0028,0.0093,0.0018,0.0155,0.0031,0.0051,0.0018,0.0041,0.0105,0.0055,0.006,0.0334,0.015,0.0095,0.0131,0.035,0.0201,0.2089,0.0115,0.0243,0.0099,0.0144,0.015,0.0078,0.0144,0.0228,0.0069,0.0053,0.0211,0.0041,0.0306,0.0136,0.0849,0.0788,0.0014,0.0128,0.0084,0.0074,0.1075,0.0099,0.031,0.0016,0.0108,0.0077,0.0346,0.0139,0.3307,0.0083,0.0344,0.0006,0.0125,0.0045,0.0173,0.0023,0.0046,0.0149,0.0012,0.0153,0.0129,0.0134,0.0113,0.0018,0.0054,0.0156,0.0021,0.0104,0.0012,0.0025,0.0512,0.1616,0.0235,0.0014,0.1428,0.0044,0.0036,0.0212,0.0849,0.0631,0.0002,0.0034,0.0127,0.0056,0.222,0.0075,0.7964,0.0069,0.0052,0.0201,0.0194,0.0057,0.0124,0.0579,0.0092,0.0012,0.0048,0.0025,0.0181,0.1384,0.0056,0.1021,0.0048,0.0293,0.0053,0.1891,0.0081,0.0035,0.0149,0.0029,0.4447,0.009000000000000001,0.0219,0.0259,0.0122,0.1509,0.0044,0.0094,0.1305,0.0011,0.0413,0.0204,0.0016,0.0209,0.0022,0.0448,0.0459,0.0013,0.0109,0.013000000000000001,0.0046,0.0382,0.0109,0.0686,0.0006,0.0068,0.0046,0.0062,0.0162,0.0552,0.0091,0.0229,0.0075
CCOc1cc2ncc(C#N)c(Nc3ccc(OCc4ccccn4)c(Cl)c3)c2cc1NC(=O)/C=C/CN(C)C,CCOc1cc2ncc(C#N)c(Nc3ccc(OCc4ccccn4)c(Cl)c3)c2cc1NC(=O)/C=C/CN(C)C,0.0173,0.0819,0.9123,0.0238,0.1296,0.0936,0.5257,0.08,0.3962,0.6383,0.1888,0.1571,0.6034,0.10400000000000001,0.0608,0.3215,0.1214,0.3283,0.2135,0.9645,0.7863,0.9258,0.257,0.8654,0.8338,0.9637,0.207,0.9021,0.3994,0.273,0.0952,0.435,0.9704,0.4074,0.0799,0.8234,0.9804,0.9255,0.9387,0.85,0.6963,0.5954,0.8339,0.7682,0.6192,0.4252,0.2846,0.265,0.4806,0.0453,0.9507,0.45899999999999996,0.4263,0.9436,0.316,0.1629,0.5579999999999999,0.445,0.4737,0.1832,0.0949,0.7283,0.0261,0.6023,0.8607,0.0933,0.4825,0.9222,0.0804,0.0954,0.526,0.2475,0.6669,0.4222,0.9311,0.4478,0.0734,0.6512,0.09300000000000001,0.8713,0.5461,0.1859,0.3878,0.4868,0.9592,0.8837,0.1667,0.0733,0.1253,0.2923,0.0363,0.0277,0.7211,0.8568,0.5859,0.2785,0.1192,0.2174,0.9883,0.5871,0.5008,0.2766,0.9565,0.7717,0.0696,0.1772,0.4241,0.0467,0.8014,0.7873,0.2198,0.1325,0.0732,0.1187,0.13699999999999998,0.9674,0.0941,0.6176,0.2192,0.1443,0.1792,0.7486,0.8971,0.9605,0.2005,0.8863,0.9332,0.8383,0.8343,0.8593,0.8642,0.0717,0.8087,0.0733,0.0797,0.033,0.5248,0.3449,0.1502,0.8999,0.4331,0.6471,0.6474,0.4633,0.016,0.6469,0.9019,0.985,0.0814,0.17800000000000002,0.634,0.0408,0.5909,0.4753,0.1387,0.046,0.2906,0.6143,0.3989,0.863,0.7191,0.4919,0.7696,0.5931,0.4561,0.4849,0.4136,0.9165,0.3285,0.1812,0.5864,0.8065,0.1122,0.4494,0.3669,0.5182,0.6832,0.0925,0.2204,0.5332,0.7284,0.9067,0.8816,0.32299999999999995,0.9594,0.0944,0.1669,0.1627,0.6628,0.4859,0.0368,0.1205,0.0942,0.7941,0.9592,0.4221,0.3462,0.8593,0.3504,0.4166,0.9333,0.2842,0.988,0.5931
C=CC(=O)Nc1cc2c(Nc3ccc(F)c(Cl)c3)ncnc2cc1OCCCN1CCOCC1,C=CC(=O)Nc1cc2c(Nc3ccc(F)c(Cl)c3)ncnc2cc1OCCCN1CCOCC1,0.0055,0.0559,0.0434,0.0331,0.1796,0.0232,0.3469,0.0138,0.0299,0.0272,0.3695,0.0642,0.068,0.0127,0.0129,0.0421,0.096,0.0492,0.0302,0.5775,0.0595,0.2459,0.0378,0.3971,0.033,0.9931,0.0683,0.9607,0.0034,0.0114,0.0112,0.0195,0.4385,0.0237,0.0263,0.1029,0.0081,0.0644,0.4836,0.0886,0.0096,0.0339,0.0725,0.0891,0.0054,0.1697,0.0178,0.0261,0.0082,0.0181,0.0391,0.1829,0.0259,0.0779,0.0206,0.0063,0.0246,0.121,0.0181,0.0034,0.0146,0.0264,0.0143,0.0444,0.1098,0.0097,0.0698,0.09699999999999999,0.0116,0.0101,0.0782,0.0089,0.0518,0.2804,0.0554,0.1632,0.0388,0.0167,0.0185,0.0685,0.0494,0.0062,0.1239,0.535,0.2552,0.0821,0.191,0.0457,0.1121,0.0255,0.0187,0.0271,0.0143,0.0382,0.0945,0.1157,0.2913,0.0041,0.6803,0.3643,0.0452,0.0215,0.1544,0.1203,0.1079,0.0832,0.0569,0.1828,0.2595,0.3015,0.0498,0.0541,0.013000000000000001,0.0226,0.0067,0.0371,0.0779,0.0031,0.0101,0.0185,0.0062,0.0046,0.0345,0.1502,0.0121,0.0595,0.0428,0.0181,0.1927,0.0024,0.0901,0.026000000000000002,0.0517,0.012,0.0031,0.1849,0.0541,0.1117,0.057,0.6364,0.0346,0.0056,0.0224,0.0462,0.0075,0.1148,0.0251,0.9971,0.1163,0.048,0.08,0.0371,0.0183,0.0357,0.0594,0.0858,0.0131,0.0146,0.0225,0.0639,0.1152,0.0959,0.2125,0.0906,0.10800000000000001,0.0486,0.3905,0.0262,0.0314,0.1175,0.1098,0.0691,0.0645,0.1662,0.0317,0.0388,0.2439,0.043,0.063,0.4878,0.0153,0.1288,0.2757,0.0061,0.5291,0.0484,0.1415,0.1915,0.1103,0.0525,0.0357,0.0146,0.0698,0.0747,0.8202,0.0144,0.043,0.0068,0.042,0.0217,0.3882,0.0474,0.1647,0.0288
C[C@@H](Nc1ncnc2[nH]c(-c3ccc(O)cc3)cc12)c1ccccc1,C[C@@H](Nc1ncnc2[nH]c(-c3ccc(O)cc3)cc12)c1ccccc1,0.5892,0.3878,0.9314,0.0745,0.9098,0.5382,0.4846,0.2128,0.2235,0.555,0.9566,0.155,0.7808,0.1357,0.0484,0.1111,0.1151,0.3594,0.4464,0.9277,0.6673,0.9587,0.5368,0.6825,0.9083,0.9976,0.2142,0.982,0.3977,0.2515,0.0731,0.285,0.9375,0.9507,0.3019,0.5481,0.2853,0.9809,0.9715,0.9677,0.0832,0.1091,0.9074,0.6931,0.7119,0.9798,0.4368,0.1966,0.8842,0.1028,0.9465,0.2436,0.5969,0.7254,0.0601,0.4211,0.7603,0.2153,0.7354,0.3334,0.6317,0.7167,0.6961,0.5313,0.7535,0.2803,0.0732,0.3815,0.0722,0.0086,0.1641,0.0905,0.9244,0.955,0.3758,0.8829,0.0312,0.6378,0.4623,0.757,0.0848,0.0593,0.248,0.9199,0.9089,0.9052,0.3524,0.0395,0.3166,0.2857,0.0624,0.1243,0.1526,0.2912,0.1597,0.7104,0.7998,0.1591,0.9168,0.779,0.5524,0.2758,0.2386,0.8013,0.23600000000000002,0.2825,0.8022,0.0494,0.8747,0.6873,0.8368,0.1559,0.096,0.5696,0.0424,0.7959999999999999,0.2637,0.0244,0.2612,0.102,0.1802,0.1212,0.5906,0.9415,0.5219,0.9133,0.7881,0.6489,0.6518,0.1914,0.5927,0.46399999999999997,0.2357,0.0358,0.0576,0.5627,0.3268,0.2601,0.0937,0.9415,0.1983,0.1074,0.4125,0.5303,0.0265,0.6369,0.5138,0.9763,0.3415,0.3561,0.6777,0.2138,0.8703,0.40700000000000003,0.8015,0.3247,0.7152,0.4461,0.4009,0.45299999999999996,0.9043,0.6187,0.5034,0.9099,0.6389,0.303,0.2809,0.821,0.3206,0.3938,0.6757,0.4802,0.4963,0.8369,0.1645,0.8235,0.6394,0.3118,0.0925,0.7628,0.1089,0.8562,0.3833,0.2701,0.9277,0.1416,0.252,0.5181,0.1251,0.8653,0.2027,0.0313,0.5195,0.4687,0.9673,0.1159,0.6475,0.6683,0.5162,0.1193,0.5077,0.4243,0.9918,0.5648
CNC(=O)CN1CCC(Oc2cc3c(Nc4cccc(Cl)c4F)ncnc3cc2OC)CC1,CNC(=O)CN1CCC(Oc2cc3c(Nc4cccc(Cl)c4F)ncnc3cc2OC)CC1,0.0131,0.0085,0.111,0.0366,0.2164,0.0663,0.2746,0.0579,0.0552,0.1604,0.8443,0.2183,0.3393,0.1068,0.0114,0.0727,0.265,0.0898,0.1431,0.9023,0.1869,0.6068,0.1495,0.5009,0.9031,0.9873,0.2596,0.9525,0.0318,0.0133,0.0048,0.073,0.7341,0.1146,0.0854,0.386,0.183,0.7965,0.9502,0.8604,0.129,0.1182,0.6254,0.7056,0.1247,0.7348,0.209,0.0593,0.1496,0.0278,0.8235,0.1746,0.23800000000000002,0.6452,0.0221,0.0115,0.6898,0.0856,0.3722,0.0327,0.0447,0.0701,0.026000000000000002,0.9163,0.5861,0.2397,0.0343,0.5358,0.0063,0.0013,0.3413,0.0676,0.4258,0.8544,0.2272,0.598,0.2992,0.7499,0.2607,0.2067,0.0392,0.0165,0.1329,0.6161,0.9098,0.6941,0.6192,0.0345,0.0984,0.0809,0.026000000000000002,0.0622,0.1892,0.2018,0.2518,0.1743,0.2917,0.0357,0.8949,0.6319,0.09,0.0236,0.2321,0.2823,0.0643,0.0247,0.2527,0.0788,0.9704,0.6,0.0876,0.142,0.0553,0.0418,0.0143,0.1723,0.2079,0.0026,0.4691,0.0756,0.0268,0.0077,0.5815,0.4184,0.0484,0.1681,0.3178,0.0461,0.1307,0.0458,0.1091,0.0236,0.0797,0.0233,0.0054,0.2262,0.0809,0.0673,0.1071,0.9693,0.0247,0.0494,0.0546,0.0878,0.0093,0.298,0.2552,0.9874,0.0668,0.0635,0.2049,0.2077,0.2164,0.0549,0.0215,0.4933,0.0376,0.0738,0.0972,0.626,0.6764,0.2188,0.4221,0.1478,0.3182,0.1909,0.1598,0.2652,0.0921,0.1901,0.1089,0.2159,0.1295,0.3293,0.0785,0.0971,0.1659,0.0607,0.0502,0.184,0.0667,0.2305,0.2703,0.0914,0.8752,0.0946,0.0478,0.2087,0.3816,0.1735,0.0123,0.0137,0.2599,0.2928,0.981,0.0614,0.0701,0.1718,0.1913,0.013999999999999999,0.3571,0.1724,0.6054,0.1206
CC(C)(O)CC(=O)NCCn1ccc2ncnc(Nc3ccc(Oc4cccc(C(F)(F)F)c4)c(Cl)c3)c21,CC(C)(O)CC(=O)NCCn1ccc2ncnc(Nc3ccc(Oc4cccc(C(F)(F)F)c4)c(Cl)c3)c21,0.0078,0.0338,0.0142,0.0052,0.0139,0.0169,0.0651,0.0113,0.0059,0.004,0.1192,0.0273,0.0123,0.0065,0.0015,0.0371,0.0127,0.0165,0.005,0.4393,0.0085,0.0355,0.0219,0.1099,0.004,0.9932,0.0721,0.9975,0.0048,0.0123,0.0023,0.0154,0.0339,0.0084,0.017,0.0731,0.0232,0.0095,0.0762,0.0454,0.015,0.0185,0.0257,0.1218,0.0097,0.0484,0.0169,0.0058,0.0014,0.0075,0.0115,0.0331,0.0376,0.078,0.0324,0.0152,0.0158,0.0116,0.0103,0.0016,0.0388,0.0162,0.0175,0.0261,0.0388,0.0049,0.0188,0.0183,0.0469,0.0283,0.0294,0.0147,0.0691,0.0759,0.0297,0.0154,0.0137,0.0087,0.0451,0.0288,0.2013,0.0116,0.0717,0.0794,0.0284,0.0517,0.0879,0.0233,0.0339,0.0035,0.004,0.0244,0.0188,0.0051,0.0071,0.0204,0.0463,0.0016,0.1931,0.0536,0.017,0.0285,0.114,0.1657,0.0091,0.1424,0.0356,0.0193,0.0697,0.3089,0.0106,0.0435,0.0027,0.0084,0.0077,0.0882,0.0122,0.0022,0.0061,0.0057,0.0193,0.0056,0.0328,0.048,0.0076,0.0579,0.0333,0.0072,0.0381,0.0022,0.0321,0.0681,0.0841,0.0146,0.0007,0.2667,0.0106,0.0116,0.0041,0.6128,0.0615,0.0003,0.011000000000000001,0.0184,0.0021,0.0939,0.0046,0.9657,0.0131,0.0204,0.0277,0.0193,0.0302,0.0073,0.1018,0.0167,0.0024,0.0482,0.0048,0.0934,0.1905,0.0242,0.1907,0.0475,0.1949,0.0162,0.3665,0.0204,0.005,0.0495,0.021,0.1579,0.0082,0.0912,0.0493,0.0122,0.3584,0.0035,0.0218,0.3576,0.0015,0.0545,0.1061,0.0012,0.2065,0.0085,0.1022,0.0365,0.0112,0.0935,0.0294,0.0131,0.0202,0.0128,0.4782,0.0012,0.019,0.0073,0.0154,0.0686,0.1994,0.0036,0.0742,0.0075
COc1cc2c(Nc3ccc(Cl)c(Cl)c3F)ncnc2cc1OC[C@@H]1C[C@@H]2CN(C)C[C@@H]2C1,COc1cc2c(Nc3ccc(Cl)c(Cl)c3F)ncnc2cc1OC[C@@H]1C[C@@H]2CN(C)C[C@@H]2C1,0.0144,0.0261,0.1718,0.0086,0.1392,0.0665,0.2379,0.1365,0.1795,0.3422,0.7943,0.2537,0.2149,0.0899,0.1547,0.1693,0.223,0.2348,0.0828,0.9677,0.4449,0.5523,0.2146,0.4906,0.8782,0.9962,0.2274,0.996,0.0356,0.1087,0.0868,0.3073,0.7812,0.3501,0.0844,0.4546,0.625,0.9021,0.9496,0.9127,0.2233,0.1104,0.8482,0.6983,0.2949,0.7207,0.3589,0.3672,0.1986,0.0297,0.9086,0.1792,0.3213,0.7201,0.1286,0.0838,0.9635,0.0387,0.0875,0.1387,0.0528,0.2523,0.0074,0.9859,0.7409,0.2344,0.0806,0.7165,0.0389,0.0181,0.29,0.1046,0.5896,0.9785,0.312,0.8539,0.157,0.8345,0.2776,0.34,0.1757,0.1055,0.4187,0.5835,0.8695,0.8812,0.6912,0.0105,0.0538,0.0699,0.0322,0.1115,0.1142,0.4898,0.2725,0.1565,0.2325,0.0232,0.9538,0.5522,0.2292,0.1705,0.3045,0.5009,0.0674,0.0251,0.2468,0.0434,0.9940000000000001,0.5879,0.2636,0.2027,0.0974,0.0174,0.1498,0.4203,0.3823,0.046,0.1324,0.0511,0.2349,0.0691,0.7112,0.4084,0.0339,0.217,0.7698,0.1145,0.1087,0.1829,0.494,0.0753,0.1944,0.0524,0.0536,0.0663,0.1492,0.0633,0.1285,0.9458,0.1421,0.0173,0.1451,0.2667,0.0131,0.5933,0.3876,0.9794,0.0844,0.0424,0.2328,0.2371,0.2882,0.2455,0.1119,0.6114,0.0849,0.1117,0.105,0.7678,0.7956,0.3804,0.7641,0.3037,0.3162,0.613,0.1382,0.3772,0.1517,0.2459,0.0789,0.3955,0.1961,0.1809,0.2085,0.0962,0.1908,0.0379,0.0437,0.2187,0.1394,0.5511,0.1603,0.1397,0.9540000000000001,0.2203,0.1414,0.0762,0.3582,0.299,0.0949,0.0856,0.406,0.212,0.9826,0.0292,0.1293,0.4521,0.0987,0.23,0.3715,0.1017,0.8415,0.2226
